t,L2_error,Linf_error,N_points
0.000000e+00,1.288341e-03,3.420554e-03,3000
2.000000e-01,1.089463e-03,1.878701e-03,3000
4.000000e-01,1.088684e-03,2.429411e-03,3000
6.000000e-01,9.503144e-04,1.063693e-03,3000
8.000000e-01,5.907045e-04,1.181439e-03,3000
1.000000e+00,1.099399e-03,2.465382e-03,3000
