t,L2_error,Linf_error,N_points
0.000000e+00,1.421684e-03,3.239825e-03,5000
2.000000e-01,1.459992e-03,4.311442e-03,5000
4.000000e-01,8.506776e-04,2.356857e-03,5000
6.000000e-01,1.901543e-03,2.706364e-03,5000
8.000000e-01,4.107360e-04,1.042292e-03,5000
1.000000e+00,1.685022e-03,3.105476e-03,5000
