t,L2_error,Linf_error,N_points
0.000000e+00,9.336218e-04,1.890245e-03,3000
2.000000e-01,1.355214e-03,2.810799e-03,3000
4.000000e-01,2.705545e-04,7.201508e-04,3000
6.000000e-01,9.711426e-04,1.679488e-03,3000
8.000000e-01,1.069974e-04,2.253577e-04,3000
1.000000e+00,9.573095e-04,2.046429e-03,3000
