t,L2_error,Linf_error,N_points
0.000000e+00,1.288137e-03,3.421231e-03,5000
2.000000e-01,1.089439e-03,1.878765e-03,5000
4.000000e-01,1.088549e-03,2.429411e-03,5000
6.000000e-01,9.503145e-04,1.063779e-03,5000
8.000000e-01,5.906430e-04,1.181439e-03,5000
1.000000e+00,1.099291e-03,2.465382e-03,5000
